{"schemaVersion":"1.0","appDefinitionTemplate":{"id":"/providers/Microsoft.PowerApps/apps/","type":"Microsoft.PowerApps/apps","tags":{"primaryDeviceWidth":"1366","primaryDeviceHeight":"768","sienaVersion":"20220512T104746Z-3.22051.27.0","deviceCapabilities":"","supportsPortrait":"true","supportsLandscape":"true","primaryFormFactor":"Tablet","publisherVersion":"3.22051.27","minimumRequiredApiVersion":"2.2.0","hasComponent":"false","hasUnlockedComponent":"false","isUnifiedRootApp":"false"},"properties":{"appVersion":"2022-05-12T10:47:46Z","lifeCycleId":"Published","createdByClientVersion":{"major":3,"minor":22051,"build":27,"revision":0,"majorRevision":0,"minorRevision":0},"minClientVersion":{"major":3,"minor":22051,"build":27,"revision":0,"majorRevision":0,"minorRevision":0},"backgroundColor":"rgba(56, 96, 178, 1)","backgroundImageUri":"/6083530730696983145/N5ad4750c-6158-4adc-a54d-19293e59003b-logoSmallFile","displayName":"Intern cursusaanbod","description":"Een overzicht van het cursusaanbod in de organisatie.","commitMessage":"Eerste publicatie van de app","appUris":{"documentUri":{"value":"/6083530730696983145/Necb636ad-dcb4-4a60-852e-84e9a4e9f349-document.msapp"},"imageUris":[]},"createdTime":"0001-01-01T00:00:00Z","lastModifiedTime":"0001-01-01T00:00:00Z","sharedGroupsCount":0,"sharedUsersCount":0,"icons":{"smallIconUri":"/6083530730696983145/Ncd54b629-40c3-4e83-a565-d53aedfe9df6-small.png","mediumIconUri":"/6083530730696983145/N11fe6618-6308-40ae-8d4b-576b68c35fb5-medium.png","largeIconUri":"/6083530730696983145/N43282120-e6f8-4da2-8a42-36ca54495a19-large.png","wideIconUri":"/6083530730696983145/N0066a26c-35c3-4241-8941-d53ac640199a-wide.png"},"connectionReferences":{"8e4fa625-808c-4959-b384-78958b4ee228":{"id":"75643878-a285-4d1c-a66d-7935d7df55e5","displayName":"SharePoint","iconUri":"https://connectoricons-prod.azureedge.net/releases/v1.0.1568/1.0.1568.2757/sharepointonline/icon.png","dataSources":["Inschrijvingen","Cursusaanbod"],"dependencies":[],"dependents":[],"parameterHints":{},"parameterHintsV2":{},"isOnPremiseConnection":false,"bypassConsent":false,"dataSets":{"https://onderwijsicter.sharepoint.com/sites/Interncursusaanbod":{"dataSources":{"Inschrijvingen":{"tableName":"6678ca52-daf0-4182-87f9-bd351d552fe1"},"Cursusaanbod":{"tableName":"54edb789-754c-4bc2-98c5-3f6f3d930ae1"}}}},"apiTier":"Standard","isCustomApiConnection":false,"actions":["providers/PowerPlatform.Governance/Operations/Read","providers/PowerPlatform.Governance/Operations/Write","providers/PowerPlatform.Governance/Operations/Delete"]},"866c1492-ff5a-4a14-a360-0f4e146da6d8":{"id":"b68a2b38-f5a1-41ef-b9ca-07d9ae0ae5ab","displayName":"Office 365 Outlook","iconUri":"https://connectoricons-prod.azureedge.net/releases/v1.0.1573/1.0.1573.2770/office365/icon.png","dataSources":["Office365Outlook"],"dependencies":[],"dependents":[],"parameterHints":{},"parameterHintsV2":{},"isOnPremiseConnection":false,"bypassConsent":false,"dataSets":{},"apiTier":"Standard","isCustomApiConnection":false,"actions":["SendEmail"]},"923ab78a-d167-486e-b251-f1d052a721cd":{"id":"9a5d4fbe-ed1d-4a7c-9a26-a5fe0fd70742","displayName":"Office 365 Users","iconUri":"https://connectoricons-prod.azureedge.net/releases/v1.0.1573/1.0.1573.2770/office365users/icon.png","dataSources":["Office365Users"],"dependencies":[],"dependents":[],"parameterHints":{},"parameterHintsV2":{},"isOnPremiseConnection":false,"bypassConsent":false,"dataSets":{},"apiTier":"Standard","isCustomApiConnection":false,"actions":["UserPhotoV2","UserProfileV2","SearchUser"]}},"databaseReferences":{},"almMode":"Environment","performanceOptimizationEnabled":true,"canConsumeAppPass":true,"executionRestrictions":{"isTeamsOnly":false,"dataLossPreventionEvaluationResult":{"status":"Compliant","lastEvaluationDate":"2022-04-12T20:48:12.9959834Z","violations":[],"violationsByPolicy":[],"violationErrorMessage":"De app gebruikt de volgende connectors: ."}}},"appType":"ClassicCanvasApp","appComponents":[]}}