{"schemaVersion":"1.0","appDefinitionTemplate":{"id":"/providers/Microsoft.PowerApps/apps/","type":"Microsoft.PowerApps/apps","tags":{"primaryDeviceWidth":"1366","primaryDeviceHeight":"768","sienaVersion":"20211117T213350Z-3.21111.35.0","deviceCapabilities":"","supportsPortrait":"false","supportsLandscape":"true","primaryFormFactor":"Tablet","publisherVersion":"3.21111.35","minimumRequiredApiVersion":"2.2.0","hasComponent":"false","hasUnlockedComponent":"false","isUnifiedRootApp":"false"},"properties":{"appVersion":"2021-11-17T21:33:50Z","lifeCycleId":"Published","createdByClientVersion":{"major":3,"minor":21111,"build":35,"revision":0,"majorRevision":0,"minorRevision":0},"minClientVersion":{"major":3,"minor":21111,"build":35,"revision":0,"majorRevision":0,"minorRevision":0},"backgroundColor":"rgba(39, 113, 194, 1)","backgroundImageUri":"/1414859767469011949/N212f1e14-ecea-48ec-a822-dff863daf07f-logoSmallFile","displayName":"Store Images as Base64","description":"App to store images as base64 binary data in SharePoint lists","commitMessage":"Final version before uploading to GitHub.","appUris":{"documentUri":{"value":"/1414859767469011949/N37d47ac5-8362-451f-9c7c-ca96e60b1c3f-document.msapp"},"imageUris":[]},"createdTime":"0001-01-01T00:00:00Z","lastModifiedTime":"0001-01-01T00:00:00Z","sharedGroupsCount":0,"sharedUsersCount":0,"icons":{"smallIconUri":"/1414859767469011949/Nb0b0a107-f857-470c-b36e-7e33e82b0caf-small.png","mediumIconUri":"/1414859767469011949/Nc7d688d7-8f68-48ff-98ca-d66e0a4260b2-medium.png","largeIconUri":"/1414859767469011949/Nd8d51ce8-079e-4ece-96ec-1a95423be8cf-large.png","wideIconUri":"/1414859767469011949/Ndedf256c-c2ff-4b65-9e8c-63c4171d771a-wide.png"},"connectionReferences":{"3fc39ed7-68e5-40f1-a345-4deec2dd2d91":{"id":"e93b3ae1-c32b-474a-a6dd-2848d0eed255","displayName":"SharePoint","iconUri":"https://connectoricons-prod.azureedge.net/releases/v1.0.1533/1.0.1533.2600/sharepointonline/icon.png","dataSources":["KodKAfbeeldingen","LesmethodesBasisonderwijs","KodKStaticInformation","ImageStoredAsBase64Data"],"dependencies":[],"dependents":[],"parameterHints":{},"parameterHintsV2":{},"isOnPremiseConnection":false,"bypassConsent":false,"dataSets":{"https://stichtingklasse.sharepoint.com/":{"dataSources":{"KodKAfbeeldingen":{"tableName":"d91d68aa-f4b1-4f67-a133-8e70cb00324b"},"LesmethodesBasisonderwijs":{"tableName":"e9180b22-29cf-44d6-8f2b-e56b9a419db2"},"KodKStaticInformation":{"tableName":"fdaa59b4-6fd8-4ff5-906c-6bdf96b2d636"}}},"https://stichtingklasse.sharepoint.com/sites/TestKlassenteam":{"dataSources":{"ImageStoredAsBase64Data":{"tableName":"295b5b21-4e7b-4205-85ef-9f1849664d3b"}}}},"apiTier":"Standard","isCustomApiConnection":false,"actions":["providers/PowerPlatform.Governance/Operations/Read","providers/PowerPlatform.Governance/Operations/Write"]}},"databaseReferences":{},"almMode":"Environment","performanceOptimizationEnabled":true,"canConsumeAppPass":true,"executionRestrictions":{"isTeamsOnly":false,"dataLossPreventionEvaluationResult":{"status":"Compliant","lastEvaluationDate":"2021-11-17T02:03:56.3551684Z","violations":[],"violationsByPolicy":[],"violationErrorMessage":"The app uses the following connectors: shared_sharepointonline."}}},"appType":"ClassicCanvasApp","appComponents":[]}}